routine,impl,rev,size,time_us_median,time_us_min,reps,gflops,gbps_useful,rel_err
dot,cublas,cublas,4096,8.192,6.144,6000,1.00,4.00,0.000e+00
dot,atomic,4da826e,4096,11.264,10.240,6000,0.73,2.91,4.225e-07
dot,block_reduction,3affd9b,4096,5.120,5.120,6000,1.60,6.40,2.414e-07
dot,sequential_addressing,47a65d8,4096,5.120,5.120,6000,1.60,6.40,1.207e-07
dot,two_per_thread,7099f40,4096,6.144,5.120,6000,1.33,5.33,6.035e-08
dot,warp_shuffle,98cc847,4096,5.120,4.160,6000,1.60,6.40,0.000e+00
dot,cublas,cublas,8192,8.192,7.168,6000,2.00,8.00,0.000e+00
dot,atomic,4da826e,8192,19.456,17.408,6000,0.84,3.37,3.009e-07
dot,block_reduction,3affd9b,8192,6.144,5.120,6000,2.67,10.67,1.805e-07
dot,sequential_addressing,47a65d8,8192,6.144,5.120,6000,2.67,10.67,1.805e-07
dot,two_per_thread,7099f40,8192,6.144,5.120,6000,2.67,10.67,6.017e-08
dot,warp_shuffle,98cc847,8192,5.120,5.120,6000,3.20,12.80,6.017e-08
dot,cublas,cublas,16384,8.192,7.168,6000,4.00,16.00,0.000e+00
dot,atomic,4da826e,16384,32.768,30.720,6000,1.00,4.00,1.453e-06
dot,block_reduction,3affd9b,16384,6.144,5.120,6000,5.33,21.33,6.052e-08
dot,sequential_addressing,47a65d8,16384,6.144,5.120,6000,5.33,21.33,6.052e-08
dot,two_per_thread,7099f40,16384,6.144,5.120,6000,5.33,21.33,1.816e-07
dot,warp_shuffle,98cc847,16384,5.152,5.120,6000,6.36,25.44,1.210e-07
dot,cublas,cublas,32768,9.216,8.192,6000,7.11,28.44,0.000e+00
dot,atomic,4da826e,32768,60.416,58.368,6000,1.08,4.34,2.408e-06
dot,block_reduction,3affd9b,32768,7.168,6.144,6000,9.14,36.57,3.011e-07
dot,sequential_addressing,47a65d8,32768,7.168,6.144,6000,9.14,36.57,1.806e-07
dot,two_per_thread,7099f40,32768,6.176,6.144,6000,10.61,42.45,1.204e-07
dot,warp_shuffle,98cc847,32768,6.144,5.120,6000,10.67,42.67,6.021e-08
dot,cublas,cublas,65536,10.240,9.216,6000,12.80,51.20,0.000e+00
dot,atomic,4da826e,65536,117.760,111.616,5845,1.11,4.45,3.827e-06
dot,block_reduction,3affd9b,65536,8.192,7.168,6000,16.00,64.00,2.392e-07
dot,sequential_addressing,47a65d8,65536,8.192,7.168,6000,16.00,64.00,2.392e-07
dot,two_per_thread,7099f40,65536,8.192,7.168,6000,16.00,64.00,2.392e-07
dot,warp_shuffle,98cc847,65536,7.168,6.144,6000,18.29,73.14,1.196e-07
dot,cublas,cublas,131072,12.288,11.264,6000,21.33,85.33,0.000e+00
dot,atomic,4da826e,131072,223.232,219.136,3059,1.17,4.70,7.893e-06
dot,block_reduction,3affd9b,131072,11.328,10.240,6000,23.14,92.56,6.577e-07
dot,sequential_addressing,47a65d8,131072,11.264,10.240,6000,23.27,93.09,7.175e-07
dot,two_per_thread,7099f40,131072,10.240,9.216,6000,25.60,102.40,2.392e-07
dot,warp_shuffle,98cc847,131072,9.216,8.192,6000,28.44,113.78,1.794e-07
dot,cublas,cublas,262144,17.408,15.360,6000,30.12,120.47,0.000e+00
dot,atomic,4da826e,262144,438.272,434.176,1580,1.20,4.79,1.133e-05
dot,block_reduction,3affd9b,262144,19.456,16.384,6000,26.95,107.79,6.561e-07
dot,sequential_addressing,47a65d8,262144,18.432,16.384,6000,28.44,113.78,5.965e-07
dot,two_per_thread,7099f40,262144,14.336,13.312,6000,36.57,146.29,2.386e-07
dot,warp_shuffle,98cc847,262144,13.312,12.288,6000,39.38,157.54,2.982e-07
dot,cublas,cublas,524288,25.600,23.552,6000,40.96,163.84,0.000e+00
dot,atomic,4da826e,524288,866.304,861.184,798,1.21,4.84,4.984e-05
dot,block_reduction,3affd9b,524288,32.768,28.672,6000,32.00,128.00,8.357e-07
dot,sequential_addressing,47a65d8,524288,30.736,27.648,6000,34.12,136.46,8.357e-07
dot,two_per_thread,7099f40,524288,24.576,21.536,6000,42.67,170.67,1.791e-07
dot,warp_shuffle,98cc847,524288,23.552,21.504,6000,44.52,178.09,2.984e-07
dot,cublas,cublas,1048576,43.008,39.936,6000,48.76,195.05,0.000e+00
dot,atomic,4da826e,1048576,1723.392,1718.272,381,1.22,4.87,1.602e-04
dot,block_reduction,3affd9b,1048576,56.320,53.248,6000,37.24,148.95,9.553e-07
dot,sequential_addressing,47a65d8,1048576,54.272,50.176,6000,38.64,154.57,9.553e-07
dot,two_per_thread,7099f40,1048576,40.960,38.912,6000,51.20,204.80,1.194e-06
dot,warp_shuffle,98cc847,1048576,38.912,37.888,6000,53.89,215.58,1.254e-06
dot,cublas,cublas,2097152,83.968,73.728,6000,49.95,199.80,0.000e+00
dot,atomic,4da826e,2097152,3439.616,3433.472,202,1.22,4.88,5.072e-04
dot,block_reduction,3affd9b,2097152,105.472,101.376,6000,39.77,159.07,8.348e-07
dot,sequential_addressing,47a65d8,2097152,101.376,96.256,6000,41.37,165.49,9.540e-07
dot,two_per_thread,7099f40,2097152,81.920,71.680,6000,51.20,204.80,6.559e-07
dot,warp_shuffle,98cc847,2097152,80.896,70.656,6000,51.85,207.39,6.559e-07
dot,cublas,cublas,4194304,145.408,141.312,6000,57.69,230.76,0.000e+00
dot,atomic,4da826e,4194304,6872.064,6864.896,108,1.22,4.88,1.890e-03
dot,block_reduction,3affd9b,4194304,205.824,197.632,3840,40.76,163.02,8.344e-07
dot,sequential_addressing,47a65d8,4194304,196.608,188.416,4031,42.67,170.67,7.152e-07
dot,two_per_thread,7099f40,4194304,156.672,139.264,6000,53.54,214.17,1.550e-06
dot,warp_shuffle,98cc847,4194304,140.288,138.240,6000,59.80,239.18,1.430e-06
dot,cublas,cublas,8388608,315.392,274.432,2587,53.19,212.78,0.000e+00
dot,atomic,4da826e,8388608,13733.888,13719.552,60,1.22,4.89,6.619e-03
dot,block_reduction,3affd9b,8388608,442.368,391.168,1782,37.93,151.70,5.961e-07
dot,sequential_addressing,47a65d8,8388608,419.840,372.736,1902,39.96,159.84,5.365e-07
dot,two_per_thread,7099f40,8388608,312.320,272.384,2679,53.72,214.87,4.172e-07
dot,warp_shuffle,98cc847,8388608,311.296,271.360,2669,53.89,215.58,4.172e-07
dot,cublas,cublas,16777216,623.616,542.720,1185,53.81,215.22,0.000e+00
dot,atomic,4da826e,16777216,27472.897,27448.320,60,1.22,4.89,2.248e-02
dot,block_reduction,3affd9b,16777216,944.640,777.216,944,35.52,142.08,2.146e-06
dot,sequential_addressing,47a65d8,16777216,901.120,741.376,976,37.24,148.95,2.146e-06
dot,two_per_thread,7099f40,16777216,620.544,540.672,1197,54.07,216.29,1.550e-06
dot,warp_shuffle,98cc847,16777216,618.496,539.648,1196,54.25,217.01,1.490e-06
dot,cublas,cublas,33554432,1236.992,1077.248,602,54.25,217.01,0.000e+00
dot,atomic,4da826e,33554432,54924.288,54903.809,60,1.22,4.89,7.266e-02
dot,block_reduction,3affd9b,33554432,1999.872,1548.288,474,33.56,134.23,2.265e-06
dot,sequential_addressing,47a65d8,33554432,1905.664,1475.584,497,35.22,140.86,2.325e-06
dot,two_per_thread,7099f40,33554432,1233.920,1074.176,605,54.39,217.55,2.206e-06
dot,warp_shuffle,98cc847,33554432,1230.848,1073.152,605,54.52,218.09,2.146e-06
dot,cublas,cublas,67108864,2463.744,2147.328,302,54.48,217.91,0.000e+00
dot,atomic,4da826e,67108864,111032.322,109772.797,60,1.21,4.84,2.184e-01
dot,block_reduction,3affd9b,67108864,4144.128,3089.504,237,32.39,129.55,4.053e-06
dot,sequential_addressing,47a65d8,67108864,3946.496,2945.024,249,34.01,136.04,4.053e-06
dot,two_per_thread,7099f40,67108864,2464.768,2144.256,303,54.45,217.82,4.053e-06
dot,warp_shuffle,98cc847,67108864,2455.552,2142.208,303,54.66,218.64,3.933e-06
gemv,cublas,cublas,256,6.144,5.120,6000,21.33,43.00,0.000e+00
gemv,eight_block_baseline,051d7c3,256,26.624,24.576,6000,4.92,9.92,2.258e-07
gemv,row_column_split,15e6bc6,256,6.144,5.120,6000,21.33,43.00,7.177e-08
gemv,cublas,cublas,512,9.216,8.192,6000,56.89,114.22,0.000e+00
gemv,eight_block_baseline,051d7c3,512,92.160,88.064,6000,5.69,11.42,3.096e-07
gemv,row_column_split,15e6bc6,512,9.216,8.192,6000,56.89,114.22,7.521e-08
gemv,cublas,cublas,1024,22.528,21.504,6000,93.09,186.55,0.000e+00
gemv,eight_block_baseline,051d7c3,1024,177.152,171.008,6000,11.84,23.72,4.222e-07
gemv,row_column_split,15e6bc6,1024,21.504,20.480,6000,97.52,195.43,9.949e-08
gemv,cublas,cublas,1536,47.104,45.056,6000,100.17,200.61,0.000e+00
gemv,eight_block_baseline,051d7c3,1536,262.144,252.928,5518,18.00,36.05,5.962e-07
gemv,row_column_split,15e6bc6,1536,43.008,41.984,6000,109.71,219.71,1.219e-07
gemv,cublas,cublas,2048,72.704,71.680,6000,115.38,230.99,0.000e+00
gemv,eight_block_baseline,051d7c3,2048,353.280,340.992,3848,23.74,47.54,6.468e-07
gemv,row_column_split,15e6bc6,2048,73.728,71.680,6000,113.78,227.78,1.775e-07
gemv,cublas,cublas,3072,157.696,155.648,4225,119.69,239.53,0.000e+00
gemv,eight_block_baseline,051d7c3,3072,541.696,523.264,1308,34.84,69.73,8.441e-07
gemv,row_column_split,15e6bc6,3072,158.720,155.648,5015,118.92,237.99,1.341e-07
gemv,cublas,cublas,4096,312.320,273.408,2485,107.44,214.98,0.000e+00
gemv,eight_block_baseline,051d7c3,4096,729.600,705.536,976,45.99,92.03,8.527e-07
gemv,row_column_split,15e6bc6,4096,312.288,272.384,2714,107.45,215.00,9.688e-08
gemv,cublas,cublas,6144,710.656,707.584,1039,106.24,212.54,0.000e+00
gemv,eight_block_baseline,051d7c3,6144,1143.808,1132.544,655,66.01,132.05,1.160e-06
gemv,row_column_split,15e6bc6,6144,697.344,695.296,1072,108.26,216.60,1.224e-07
gemv,cublas,cublas,8192,1241.088,1234.944,586,108.15,216.34,0.000e+00
gemv,eight_block_baseline,051d7c3,8192,1580.032,1545.216,479,84.95,169.93,1.255e-06
gemv,row_column_split,15e6bc6,8192,1233.920,1231.872,603,108.77,217.60,3.242e-07
gemm,cublas,cublas,128,9.216,8.160,3000,455.11,21.33,0.000e+00
gemm,naive,15e6bc6,128,16.384,14.336,3000,256.00,12.00,1.740e-07
gemm,shared_tiles,89b175b,128,10.240,9.216,3000,409.60,19.20,1.740e-07
gemm,register_4x4,a44068e,128,16.384,14.336,3000,256.00,12.00,1.740e-07
gemm,register_8x8,6d1f43a,128,33.792,31.744,3000,124.12,5.82,1.740e-07
gemm,double_buffer,c11b4fd,128,30.720,28.608,3000,136.53,6.40,1.740e-07
gemm,double_buffer_worktree,worktree,128,30.720,28.672,3000,136.53,6.40,1.740e-07
gemm,cublas,cublas,256,15.360,13.312,3000,2184.53,51.20,0.000e+00
gemm,naive,15e6bc6,256,57.344,53.248,3000,585.14,13.71,2.364e-07
gemm,shared_tiles,89b175b,256,45.024,40.960,3000,745.26,17.47,2.364e-07
gemm,register_4x4,a44068e,256,27.648,25.600,3000,1213.63,28.44,2.364e-07
gemm,register_8x8,6d1f43a,256,62.464,57.344,3000,537.18,12.59,2.364e-07
gemm,double_buffer,c11b4fd,256,55.296,51.200,3000,606.81,14.22,2.364e-07
gemm,double_buffer_worktree,worktree,256,55.296,50.208,3000,606.81,14.22,2.364e-07
gemm,cublas,cublas,512,55.296,49.152,3000,4854.52,56.89,0.000e+00
gemm,naive,15e6bc6,512,401.408,355.328,1892,668.73,7.84,3.288e-07
gemm,shared_tiles,89b175b,512,308.224,270.336,2460,870.91,10.21,3.288e-07
gemm,register_4x4,a44068e,512,111.616,100.352,3000,2404.99,28.18,3.288e-07
gemm,register_8x8,6d1f43a,512,119.808,106.560,3000,2240.55,26.26,3.288e-07
gemm,double_buffer,c11b4fd,512,105.472,94.144,3000,2545.09,29.83,3.288e-07
gemm,double_buffer_worktree,worktree,512,105.472,94.176,3000,2545.09,29.83,3.288e-07
gemm,cublas,cublas,1024,354.304,308.224,2234,6061.13,35.51,0.000e+00
gemm,naive,15e6bc6,1024,3094.528,2753.536,270,693.96,4.07,4.383e-07
gemm,shared_tiles,89b175b,1024,2360.320,2100.224,353,909.83,5.33,4.383e-07
gemm,register_4x4,a44068e,1024,711.680,644.096,1172,3017.48,17.68,4.383e-07
gemm,register_8x8,6d1f43a,1024,673.792,611.328,1265,3187.16,18.67,4.383e-07
gemm,double_buffer,c11b4fd,1024,592.896,532.480,1383,3622.02,21.22,4.383e-07
gemm,double_buffer_worktree,worktree,1024,593.408,532.480,1389,3618.90,21.20,4.383e-07
gemm,cublas,cublas,1536,1161.216,1047.552,719,6241.52,24.38,0.000e+00
gemm,naive,15e6bc6,1536,10592.256,10114.048,76,684.25,2.67,5.987e-07
gemm,shared_tiles,89b175b,1536,8029.184,7590.912,90,902.68,3.53,5.987e-07
gemm,register_4x4,a44068e,1536,2420.736,2285.568,318,2994.03,11.70,5.987e-07
gemm,register_8x8,6d1f43a,1536,2134.016,1989.632,377,3396.30,13.27,5.987e-07
gemm,double_buffer,c11b4fd,1536,1871.360,1724.416,423,3872.99,15.13,5.987e-07
gemm,double_buffer_worktree,worktree,1536,1871.360,1723.392,423,3872.99,15.13,5.987e-07
gemm,cublas,cublas,2048,2695.168,2481.152,325,6374.32,18.67,0.000e+00
gemm,naive,15e6bc6,2048,24660.992,23844.864,60,696.64,2.04,0.000e+00
gemm,shared_tiles,89b175b,2048,19816.960,18861.055,60,866.93,2.54,0.000e+00
gemm,register_4x4,a44068e,2048,5658.624,5329.920,141,3036.05,8.89,0.000e+00
gemm,register_8x8,6d1f43a,2048,5045.248,4776.960,158,3405.16,9.98,0.000e+00
gemm,double_buffer,c11b4fd,2048,4461.568,4217.856,174,3850.63,11.28,0.000e+00
gemm,double_buffer_worktree,worktree,2048,4463.616,4215.808,174,3848.87,11.28,0.000e+00
gemm,cublas,cublas,3072,9323.520,8897.536,98,6218.90,12.15,0.000e+00
gemm,naive,15e6bc6,3072,102172.161,100197.372,60,567.49,1.11,0.000e+00
gemm,shared_tiles,89b175b,3072,74336.769,73414.658,60,779.99,1.52,0.000e+00
gemm,register_4x4,a44068e,3072,21606.400,21386.240,60,2683.56,5.24,0.000e+00
gemm,register_8x8,6d1f43a,3072,19595.264,19046.400,60,2958.98,5.78,0.000e+00
gemm,double_buffer,c11b4fd,3072,16049.152,15389.696,60,3612.78,7.06,0.000e+00
gemm,double_buffer_worktree,worktree,3072,15725.568,15079.424,60,3687.12,7.20,0.000e+00
gemm,cublas,cublas,4096,22314.496,21762.049,60,6159.18,9.02,0.000e+00
gemm,naive,15e6bc6,4096,263835.648,258741.241,60,520.93,0.76,0.000e+00
gemm,shared_tiles,89b175b,4096,176221.184,174379.013,60,779.92,1.14,0.000e+00
gemm,register_4x4,a44068e,4096,52492.289,51331.074,60,2618.27,3.84,0.000e+00
gemm,register_8x8,6d1f43a,4096,49315.327,48207.870,60,2786.94,4.08,0.000e+00
gemm,double_buffer,c11b4fd,4096,35068.930,34238.464,60,3919.11,5.74,0.000e+00
gemm,double_buffer_worktree,worktree,4096,37688.831,36718.594,60,3646.68,5.34,0.000e+00
